"MA_MON","TEN_MON"
"XEU59","Mm Qude Lpef Zqgw "
"SIU11","Di Oa Zj Yx "
"XEE46","Ay Opv Qia Cvpj "
"SRW60","Ly Ojd Epb "
"VJW11","Tujp Dbq Zbo Rim "
"NXD61","Ejz Ny "
"VZV46","Nuja Ap Sgtk "
"PNO78","Btlb Xv "
"ZOO12","Vs Kru "
"MZS98","Vcp Ghzq "
"DOR93","Zi Bl Mcf Cb "
"AWM65","Rzq Hcy Xli "
"XVK81","Cb Mkp Ap Th "
"PTQ04","Iop Ypx "
"IWC74","Hrb Ebxq "
"DEZ03","Dna Tll Mt "
"EBK42","Rruj Im Ze Yv "
"FLC02","Jzv Spen "
"LIH38","Oz Mc "
"RDB46","Dzqj Ks Bkkg Pxvc "
"MYX11","Nb Bwez Vwz Cbu "
"JYP25","Waah Cye Uegx "
"XVU44","Kp Daxu Ewf Eite "
"PWI87","Rrba Fk "
"HQH30","Wxvo Qp Fytp Zwp "
"KUL61","Xuw Ajpw Lwk "
"BIA76","Ra Rpho Lcs Gbch "
"NJQ63","Kz Xzbv Lu Hjqr "
"ZES10","Ss Pd Ifuh Vote "
"PGB68","Lgt Ople Id Ib "
"WWU70","Adp Ppq Wftz "
"GKI43","Ldcx Ahd Xdvv Ow "
"LAH37","Ghfq Oaa Ql Vm "
"GHE85","Wa Gb Ef Glp "
"YMW76","Cg Esw "
"XPI46","Kox Zk Rgrv Yw "
"TQU46","Gcoz Jbkg Nf "
"JXI63","Id Qlr "
"QLB54","Bin Fuuv "
"QSR71","Cxj Qgao Nth Mjy "
"YPO69","Rllz Itfl "
"LHT42","Uqkg Uty Dk Ie "
"UWM11","Iwbv Ic Nr "
"RXJ62","Pwcu Wf Var "
"PZF59","Qv Vc "
"FXD76","Vu Qki Lnx "
"HXK44","De Supm Dp "
"GDO00","Bdfj Apuc "
"FSE51","Sgs Kis "
"UJX18","Lo Zgp Bqkw Hp "
"KGO73","Gcmg Hac Lzbf Yf "
"QGT60","Oqe Tkgg Dy Krm "
"CNQ21","Kgbd Bwa Zzd Sqa "
"VWF39","Fck Azbl Ibqi Pnpz "
"AOL17","Kcht Ch Dci Jlx "
"SRY36","Afbc Qsyj Gbe Au "
"FGR75","Xvq Xsxa "
"YPQ16","Vh Wb Nte Ix "
"VGB40","Up Xgcq Pok "
"WZX63","Jzje Px Hjsa Rxq "
"CCE15","Fhw Evv Tfcu "
"FUB01","Hd Cu Dzrn Rebp "
"ABR59","Sy Jx Njnj "
"NHY91","Tf Hldo "
"WGI00","Dl Cpj Mqt "
"HTZ57","Sdv Yyq Yht Gzij "
"FPQ27","Ta Ydn Hhdq Yp "
"GNC02","Bbmc Yxpt Ovj "
"ORM23","Bgwv Dx Zrgr "
"FHE61","Hje Qtgw Cu "
"RBA20","Jp Wvr Csa Tii "
"TVM60","Fsn Lhem Fxug Dbbk "
"MKF94","Kfk Zut Icv Lrrc "
"CQJ36","Rokk Gth Gys Mf "
"LUB81","Uinb Mvb "
"KVT84","Kqp Mu Jnza Zf "
"EMX79","Oksq Xmwl Tq Qpid "
"RGZ00","Hqb Yc Qs Unhy "
"PDS48","Jjl Netb "
"UXC54","Br Nrv Pm Ylto "
"JGH92","Nb Flrs Rzss Bwa "
"KDO69","Wze Hkyj "
"RJT62","Zzpx Gl Sz "
"AHC14","Bv Gd Xa "
"WZR19","Cw Ejlx Vbfs Ljvl "
"UWF64","Afth Ii Bga "
"HIX45","Le Hs Zzu "
"HCB19","Rvg Khim "
"KUB70","Aw Zwh Alp "
"UXZ33","Nu Hq Dza Jcsm "
"PNG16","Ye Xal "
"DAJ81","Hcvr Jjk Jbld Gfa "
"ZNI71","Zrw Xob Mrtn "
"GYB63","To Nupl At Rhv "
"WOF70","No Mop "
"AZM04","Fdh Ctqn Sd "
"FKC41","Cf Ymx "
"FKR03","Fg Gu Yawf Kivr "
"LDM39","Ia Csps Aui Oc "
"GCK11","Hn Wihu "
